Ивановская обл., село Шилыково;Тульская обл, г Ясногорск;01.04.2023;любой
Ивановская область, г. Кохма;Тульская обл, г Ясногорск;01.04.2023;любой
Ярославская обл., Рыбинск;Тульская обл, г Ясногорск;01.04.2023;любой
Краснодарский край, Новороссийск;Краснодар;01.04.2023;любой
Чеховский р-н, Константиновское;Тульская обл, г Ясногорск;01.04.2023;любой
Чеховский р-н, Константиновское;Тульская обл, г Ясногорск;01.04.2023;любой
Ярославская обл., г. Ростов;Тульская обл, г Ясногорск;01.04.2023;любой
Ярославская обл., Рыбинск;Чебоксары;01.04.2023;любой
Ивановская обл., г Шуя;Тульская обл, г Ясногорск;01.04.2023;любой
Ярославская обл., Рыбинск;Нижегородская обл, г Богородск;01.04.2023;любой
Ярославская обл., Рыбинск;Тульская обл, г Ясногорск;01.04.2023;любой
Ивановская обл, пос. Лежнево;Тульская обл, г Ясногорск;01.04.2023;любой
г Иваново;Тульская обл, г Ясногорск;01.04.2023;любой
Тульская обл, г Ясногорск;Нижегородская обл, г Дзержинск;01.04.2023;любой
Ярославская обл., Рыбинск;г Ульяновск;01.04.2023;любой
Тульская обл, г Ясногорск;Нижегородская обл, г Дзержинск;02.04.2023;любой
Тульская обл, г Ясногорск;Нижегородская обл, г Дзержинск;02.04.2023;любой
г Тула;Тульская обл, г Ясногорск;01.04.2023;любой
г Иваново;Тульская обл, г Ясногорск;01.04.2023;любой
г Рязань;Тульская обл, г Ясногорск;01.04.2023;любой
Тульская обл, г Новомосковск;Тульская обл, г Ясногорск;01.04.2023;любой
Краснодарский край, Новороссийск;Краснодарский край, Кропоткин г;01.04.2023;любой
Ивановская обл, г Фурманов;Тульская обл, г Ясногорск;01.04.2023;любой
г Иваново;Тульская обл, г Ясногорск;01.04.2023;любой
г Иваново;Тульская обл, г Ясногорск;01.04.2023;любой
г Иваново;Тульская обл, г Ясногорск;01.04.2023;любой
Ивановская обл, г Тейково;Тульская обл, г Ясногорск;01.04.2023;любой
Ивановская обл, Коляновское сельское поселение;Тульская обл, г Ясногорск;01.04.2023;любой
Краснодарский край, Новороссийск;Краснодарский край, Кропоткин г;01.04.2023;любой
Краснодарский край, Новороссийск;Пятигорск;02.04.2023;любой
Ярославская обл., Рыбинск;Владимирская обл, г Ковров;02.04.2023;любой
Ярославская обл., Рыбинск;Республика Татарстан, Зеленодольский район, село Осиново;02.04.2023;любой
Ивановская область, с. Шилыково;Тульская обл, г Ясногорск;02.04.2023;любой
Ивановская область, г. Шуя;Тульская обл, г Ясногорск;02.04.2023;любой
Ярославская обл., Рыбинск;Чебоксары;02.04.2023;любой
Тульская обл;Тульская обл, г Ясногорск;02.04.2023;любой
Ивановская обл, пос. Лежнево;Тульская обл, г Ясногорск;02.04.2023;любой
МО, Серпуховский район;Тульская обл, г Ясногорск;02.04.2023;любой
Московская обл, г Серпухов;Тульская обл, г Ясногорск;02.04.2023;любой
г Иваново;Тульская обл, г Ясногорск;02.04.2023;любой
Ивановская обл, пос. Лежнево;Тульская обл, г Ясногорск;02.04.2023;любой
г Иваново;Тульская обл, г Ясногорск;02.04.2023;любой
г Иваново;Тульская обл, г Ясногорск;02.04.2023;любой
Ивановская обл, Кохма г;Тульская обл, г Ясногорск;02.04.2023;любой
Ивановская обл, пос. Лежнево;Тульская обл, г Ясногорск;02.04.2023;любой
Ивановская обл, Приволжск;Тульская обл, г Ясногорск;02.04.2023;любой
г Иваново;Тульская обл, г Ясногорск;02.04.2023;любой
г Иваново;Тульская обл, г Ясногорск;02.04.2023;любой
Ивановская обл, Фурманов;Тульская обл, г Ясногорск;02.04.2023;любой
Ивановская обл, Приволжск;Тульская обл, г Ясногорск;03.04.2023;любой
г Иваново;Тульская обл, г Ясногорск;02.04.2023;любой
Краснодарский край, Новороссийск;Краснодарский край, Кропоткин г;02.04.2023;любой
Краснодарский край, Новороссийск;Пятигорск;02.04.2023;любой
Краснодарский край, Новороссийск;Краснодар;02.04.2023;любой
Тульская обл, г Новомосковск;Тульская обл, г Ясногорск;03.04.2023;любой
г Рязань;Тульская обл, г Ясногорск;02.04.2023;любой
Ярославская обл., Рыбинск;Краснодарский край, Новороссийск;03.04.2023;любой
Ярославская обл., Рыбинск;Краснодарский край, Новороссийск;03.04.2023;любой
Ярославская обл., Рыбинск;Краснодарский край, Новороссийск;03.04.2023;любой
Ярославская обл., Рыбинск;Краснодарский край, Новороссийск;03.04.2023;любой
Ярославская обл., Рыбинск;Краснодарский край, Новороссийск;04.04.2023;любой
Ярославская обл., Рыбинск;Краснодарский край, Новороссийск;04.04.2023;любой
Ярославская обл., Рыбинск;Краснодарский край, Новороссийск;04.04.2023;любой
Ивановская область, г. Кохма;Тульская обл, г Ясногорск;03.04.2023;любой
Ивановская обл, село Чернореченский;Тульская обл, г Ясногорск;03.04.2023;любой
Ивановская обл., г Шуя;Тульская обл, г Ясногорск;03.04.2023;любой
Московская обл, г Серпухов;Тульская обл, г Ясногорск;03.04.2023;любой
Ивановская обл., село Богородское;Тульская обл, г Ясногорск;03.04.2023;любой
г Иваново;Тульская обл, г Ясногорск;03.04.2023;любой
Тульская обл, г Ясногорск;Нижегородская обл, г Дзержинск;06.04.2023;любой
Тульская обл, г Ясногорск;Нижегородская обл, г Дзержинск;06.04.2023;любой
Чеховский р-н, Константиновское;Тульская обл, г Ясногорск;03.04.2023;любой
Ивановская обл, пос. Лежнево;Тульская обл, г Ясногорск;03.04.2023;любой
Московская обл, г Серпухов;Тульская обл, г Ясногорск;03.04.2023;любой
Тульская обл, г Ясногорск;республика Татарстан, г. Зеленодольск;03.04.2023;любой
Тульская обл, г Ясногорск;республика Татарстан, г. Зеленодольск;05.04.2023;любой
г Иваново;Тульская обл, г Ясногорск;03.04.2023;любой
Калужская обл, г Малоярославец;Тульская обл, г Ясногорск;03.04.2023;любой
Владимирская обл., г. Гусь-Хрустальный;Тульская обл, г Ясногорск;03.04.2023;любой
Тульская обл, г Богородицк;Тульская обл, г Ясногорск;03.04.2023;любой
Краснодарский край, Новороссийск;Краснодарский край, Кропоткин г;03.04.2023;любой
Краснодарский край, Новороссийск;Пятигорск;04.04.2023;любой
Краснодарский край, Новороссийск;Пятигорск;04.04.2023;любой
Краснодарский край, Новороссийск;Пятигорск;03.04.2023;любой
Респ Адыгея, Адыгейск;Краснодарский край, Новороссийск;03.04.2023;любой
Краснодарский край, Новороссийск;Краснодар;03.04.2023;любой
Ярославская обл., Рыбинск;Тульская обл, г Ясногорск;05.04.2023;любой
Ярославская обл., Рыбинск;Тульская обл, г Ясногорск;05.04.2023;любой
Ярославская обл., Рыбинск;Тульская обл, г Ясногорск;06.04.2023;любой
Ярославская обл., Рыбинск;Тульская обл, г Ясногорск;06.04.2023;любой
Ярославская обл., Рыбинск;Тульская обл, г Ясногорск;06.04.2023;любой
Ярославская обл., Рыбинск;Владимирская обл, г Ковров;06.04.2023;любой
Тульская обл, г Ясногорск;Ивановская обл., Фурманов;05.04.2023;любой
Тульская обл, г Ясногорск;Ивановская обл., Фурманов;06.04.2023;любой
Тульская обл, г Ясногорск;Ивановская обл., Фурманов;06.04.2023;любой
Ярославская обл., Рыбинск;Республика Татарстан, Зеленодольский район, село Осиново;06.04.2023;любой
Ярославская обл., Рыбинск;Чебоксары;06.04.2023;любой
Ярославская обл., Рыбинск;г Рязань;06.04.2023;любой
Ярославская обл., Рыбинск;Тульская обл, г Ясногорск;06.04.2023;любой
г Иваново;Тульская обл, г Ясногорск;03.04.2023;любой
Краснодарский край, Новороссийск;Краснодарский край, Кропоткин г;06.04.2023;любой
Краснодарский край, Новороссийск;Пятигорск;06.04.2023;любой
Краснодарский край, Новороссийск;Пятигорск;06.04.2023;любой
Ярославская обл., Рыбинск;Курск;08.04.2023;любой
Ярославская обл., Рыбинск;Тульская обл, г Ясногорск;07.04.2023;любой
Тульская обл, г Ясногорск;Нижегородская обл, г Дзержинск;08.04.2023;любой
Ярославская обл., Рыбинск;Тульская обл, г Ясногорск;07.04.2023;любой
Тульская обл, г Ясногорск;Нижегородская обл, г Дзержинск;08.04.2023;любой
Краснодарский край, Новороссийск;Краснодарский край, Кропоткин г;07.04.2023;любой
Краснодарский край, Новороссийск;Краснодарский край, Кропоткин г;07.04.2023;любой
г Иваново;Ярославская обл., Рыбинск;07.04.2023;любой
г Иваново;Ярославская обл., Рыбинск;07.04.2023;любой
г Иваново;Ярославская обл., Рыбинск;07.04.2023;любой
г Иваново;Ярославская обл., Рыбинск;07.04.2023;любой
Ярославская обл., Рыбинск;Чебоксары;07.04.2023;любой
Ярославская обл., г Ростов;Тульская обл, г Ясногорск;07.04.2023;любой
г. Рязань;Тульская обл, г Ясногорск;07.04.2023;любой
Ярославская обл., г. Ростов;Тульская обл, г Ясногорск;07.04.2023;любой
г Иваново;Тульская обл, г Ясногорск;07.04.2023;любой
г Иваново;Ярославская обл., Рыбинск;07.04.2023;любой
Ивановская обл, пос. Лежнево;Тульская обл, г Ясногорск;07.04.2023;любой
Тульская обл, г Суворов;Тульская обл, г Ясногорск;07.04.2023;любой
Тульская обл, г Ясногорск;Ивановская обл., Фурманов;07.04.2023;любой
Тульская обл, г Ясногорск;Ивановская обл., Фурманов;07.04.2023;любой
г Владимир;Тульская обл, г Ясногорск;07.04.2023;любой
Тульская обл;Тульская обл, г Ясногорск;07.04.2023;любой
Московская обл, г Чехов;Тульская обл, г Ясногорск;08.04.2023;любой
Ивановская обл, село Бибирево;Тульская обл, г Ясногорск;07.04.2023;любой
г Тула;Тульская обл, г Ясногорск;07.04.2023;любой
Чеховский р-н, Константиновское;Тульская обл, г Ясногорск;07.04.2023;любой
Ивановская обл, Приволжск;Тульская обл, г Ясногорск;07.04.2023;любой
г Иваново;Тульская обл, г Ясногорск;07.04.2023;любой
Тульская обл, г Ясногорск;Ивановская обл., Фурманов;07.04.2023;любой
г Иваново;Тульская обл, г Ясногорск;07.04.2023;любой
Новочебоксарск;Тульская обл, г Ясногорск;07.04.2023;любой
г Иваново;Тульская обл, г Ясногорск;07.04.2023;любой
г Иваново;Тульская обл, г Ясногорск;07.04.2023;любой
г Иваново;Ярославская обл., Рыбинск;07.04.2023;задний
г Иваново;Ярославская обл., Рыбинск;07.04.2023;задний
г Казань;Ярославская обл., Рыбинск;07.04.2023;боковой
Краснодарский край, Новороссийск;Пятигорск;07.04.2023;любой
Казань;Ярославская обл., Рыбинск;07.04.2023;боковой
Казань г.;Ярославская обл., Рыбинск;07.04.2023;задний
Ярославская обл., Рыбинск;г Калуга;07.04.2023;любой
Ярославская обл., Рыбинск;Республика Татарстан, Зеленодольский район, село Осиново;07.04.2023;любой
Московская обл, г Серпухов;Тульская обл, г Ясногорск;07.04.2023;любой
Краснодарский край, Новороссийск;Пятигорск;07.04.2023;любой
Чеховский р-н, Константиновское;Тульская обл, г Ясногорск;07.04.2023;любой
г Иваново;Ярославская обл., Рыбинск;07.04.2023;задний
Ивановская обл., село Богородское;Ярославская обл., Рыбинск;07.04.2023;задний
г Иваново;Ярославская обл., Рыбинск;07.04.2023;задний
РФ, Краснодарский край, Краснодар г;Краснодарский край, Новороссийск;07.04.2023;любой
РФ, Краснодарский край, Краснодар г;Краснодарский край, Новороссийск;07.04.2023;любой
Ярославская обл., Рыбинск;Чебоксары;07.04.2023;любой
Краснодарский край, Новороссийск;Краснодарский край, Кропоткин г;08.04.2023;любой
Краснодарский край, Новороссийск;Краснодарский край, Кропоткин г;08.04.2023;любой
Тульская обл, г Ясногорск;Нижегородская обл, г Дзержинск;08.04.2023;любой
Ярославская обл., Рыбинск;Тульская обл, г Ясногорск;08.04.2023;любой
Ярославская обл., Рыбинск;Тульская обл, г Ясногорск;08.04.2023;любой
Ярославская обл., Рыбинск;Чебоксары;08.04.2023;любой
Ярославская обл., Рыбинск;Чебоксары;08.04.2023;любой
Ярославская обл., Рыбинск;Чебоксары;08.04.2023;любой
г Рязань;Тульская обл, г Ясногорск;08.04.2023;любой
Тульская обл, г Суворов;Тульская обл, г Ясногорск;08.04.2023;любой
Ярославская обл., Рыбинск;Малоярославец;08.04.2023;любой
Ивановская обл, деревня Большое Ступкино;Ярославская обл., Рыбинск;08.04.2023;любой
Ярославская обл., Рыбинск;Ивановская обл, г. Приволжск;08.04.2023;любой
г Иваново;Тульская обл, г Ясногорск;08.04.2023;любой
Иваново;Ярославская обл., Рыбинск;08.04.2023;любой
Иваново;Ярославская обл., Рыбинск;08.04.2023;задний
Ивановская обл., село Богородское;Тульская обл, г Ясногорск;08.04.2023;любой
г Иваново;Ярославская обл., Рыбинск;08.04.2023;любой
г. Рязань;Тульская обл, г Ясногорск;08.04.2023;любой
Тульская обл, г Ясногорск;Ивановская обл., Фурманов;08.04.2023;любой
Казань г.;Ярославская обл., Рыбинск;08.04.2023;задний
г Казань;Ярославская обл., Рыбинск;08.04.2023;боковой
Ивановская обл, Приволжск;Тульская обл, г Ясногорск;08.04.2023;любой
Ивановская обл, пос. Лежнево;Тульская обл, г Ясногорск;08.04.2023;любой
Ивановская обл, село Чернореченский;Тульская обл, г Ясногорск;08.04.2023;любой
г Иваново;Тульская обл, г Ясногорск;08.04.2023;любой
г Иваново;Тульская обл, г Ясногорск;08.04.2023;любой
Тульская обл, г Ясногорск;Ивановская обл., Фурманов;08.04.2023;любой
г Иваново;Тульская обл, г Ясногорск;08.04.2023;любой
г Иваново;Тульская обл, г Ясногорск;08.04.2023;любой
г Иваново;Ярославская обл., Рыбинск;08.04.2023;любой
Ярославская обл., Рыбинск;республика Татарстан, г. Зеленодольск;08.04.2023;любой
Ярославская обл., Рыбинск;республика Татарстан, г. Зеленодольск;08.04.2023;любой
Ярославская обл., Рыбинск;г Иваново;08.04.2023;любой
Казань;Ярославская обл., Рыбинск;08.04.2023;боковой
Казань;Ярославская обл., Рыбинск;08.04.2023;задний
РФ, Краснодарский край, Краснодар г;Краснодарский край, Новороссийск;08.04.2023;любой
Краснодарский край, Новороссийск;Пятигорск;09.04.2023;любой
Ярославская обл., Рыбинск;Иваново;08.04.2023;любой
Приволжск;Ярославская обл., Рыбинск;08.04.2023;задний
Ивановская обл, деревня Большое Ступкино;Ярославская обл., Рыбинск;09.04.2023;любой
Иваново;Ярославская обл., Рыбинск;09.04.2023;задний
г Иваново;Ярославская обл., Рыбинск;09.04.2023;задний
Казань г.;Ярославская обл., Рыбинск;09.04.2023;задний
Ярославская обл., Рыбинск;Калужская область, Боровского района, г.Балабаново;09.04.2023;любой
Ярославская обл., Рыбинск;Нижегородская обл, г Богородск;09.04.2023;любой
Ярославская обл., Рыбинск;Чебоксары;09.04.2023;любой
Московская обл, г Серпухов;Тульская обл, г Ясногорск;09.04.2023;любой
Иваново;Ярославская обл., Рыбинск;09.04.2023;любой
Ивановская обл, посёлок Палех;Тульская обл, г Ясногорск;09.04.2023;любой
Тульская обл;Тульская обл, г Ясногорск;09.04.2023;любой
Калужская обл, г Малоярославец;Тульская обл, г Ясногорск;09.04.2023;любой
Ивановская обл, посёлок Палех;Тульская обл, г Ясногорск;09.04.2023;любой
Тульская обл, г Ясногорск;Ярославская обл, г Ярославль;09.04.2023;любой
г Иваново;Тульская обл, г Ясногорск;09.04.2023;любой
Ивановская обл, пос. Лежнево;Тульская обл, г Ясногорск;09.04.2023;любой
Московская обл, г Серпухов;Тульская обл, г Ясногорск;09.04.2023;любой
г Иваново;Тульская обл, г Ясногорск;09.04.2023;любой
Ярославская обл., Рыбинск;Тульская обл, г Ясногорск;09.04.2023;любой
Тульская обл, г Ясногорск;г Иваново;09.04.2023;любой
г Иваново;Ярославская обл., Рыбинск;09.04.2023;задний
г Иваново;Ярославская обл., Рыбинск;09.04.2023;задний
Иваново;Ярославская обл., Рыбинск;09.04.2023;любой
Волгоград;Ярославская обл., Рыбинск;09.04.2023;любой
Ярославская обл., Рыбинск;республика Татарстан, г. Зеленодольск;09.04.2023;любой
г Иваново;Тульская обл, г Ясногорск;09.04.2023;любой
Ярославская обл., Рыбинск;Тульская обл, г Ясногорск;09.04.2023;любой
Тульская обл, г Ясногорск;Ивановская обл., Фурманов;09.04.2023;любой
Ярославская обл., Рыбинск;Тульская обл, г Ясногорск;09.04.2023;любой
Ярославская обл., Рыбинск;Тульская обл, г Ясногорск;09.04.2023;любой
г Иваново;Тульская обл, г Ясногорск;09.04.2023;любой
Ивановская обл.,Тейковский район, д Большое Ступкино;Тульская обл, г Ясногорск;09.04.2023;любой
г Иваново;Тульская обл, г Ясногорск;09.04.2023;любой
г Иваново;Тульская обл, г Ясногорск;09.04.2023;любой
Казань;Ярославская обл., Рыбинск;09.04.2023;боковой
Ярославская обл., Рыбинск;г Рязань;09.04.2023;любой
Ярославская обл., Гаврилов-Ям;Тульская обл, г Ясногорск;09.04.2023;любой
г Иваново;Тульская обл, г Ясногорск;09.04.2023;любой
г Иваново;Тульская обл, г Ясногорск;09.04.2023;любой
г Иваново;Тульская обл, г Ясногорск;09.04.2023;любой
г. Рязань;Тульская обл, г Ясногорск;09.04.2023;любой
РФ, Краснодарский край, Краснодар г;Краснодарский край, Новороссийск;09.04.2023;любой
Чеховский р-н, Константиновское;Тульская обл, г Ясногорск;09.04.2023;любой
Иваново;Ярославская обл., Рыбинск;09.04.2023;любой
Ивановская обл., село Богородское;Ярославская обл., Рыбинск;09.04.2023;задний
Ярославская обл., Рыбинск;Тульская обл, г Ясногорск;09.04.2023;любой
Казань;Ярославская обл., Рыбинск;09.04.2023;боковой
Иваново;Ярославская обл., Рыбинск;09.04.2023;задний
г Казань;Ярославская обл., Рыбинск;09.04.2023;боковой
Ярославская обл., Рыбинск;Владимирская обл., г Радужный;09.04.2023;любой
г Иваново;Ярославская обл., Рыбинск;09.04.2023;любой
Ярославская обл., Рыбинск;г Иваново;09.04.2023;любой
Ярославская обл., Рыбинск;г Иваново;09.04.2023;любой
г Иваново;Тульская обл, г Ясногорск;10.04.2023;любой
Ярославская обл., Рыбинск;Калужская обл, г Суворов;10.04.2023;любой
Ярославская обл., Рыбинск;Республика Татарстан, Зеленодольский район, село Осиново;10.04.2023;любой
Ярославская обл., Рыбинск;г Калуга;10.04.2023;любой
г Иваново;Ярославская обл., Рыбинск;10.04.2023;любой
Ярославская обл., Рыбинск;Нижегородская обл, г Богородск;10.04.2023;любой
Ярославская обл., Рыбинск;Чебоксары;10.04.2023;любой
Ярославская обл., Рыбинск;Чебоксары;10.04.2023;любой
Ярославская обл., Рыбинск;Калужская область, Боровского района, г.Балабаново;10.04.2023;любой
Ярославская обл., Рыбинск;Тульская обл, г Ясногорск;10.04.2023;любой
г Иваново;Ярославская обл., Рыбинск;10.04.2023;задний
Чеховский р-н, Константиновское;Тульская обл, г Ясногорск;10.04.2023;любой
г Иваново;Тульская обл, г Ясногорск;10.04.2023;любой
Чеховский р-н, Константиновское;Тульская обл, г Ясногорск;10.04.2023;любой
Владимирская обл., г. Радужный;Тульская обл, г Ясногорск;10.04.2023;любой
г Иваново;Тульская обл, г Ясногорск;10.04.2023;любой
Тульская обл, г Ясногорск;г Иваново;10.04.2023;любой
Ярославская обл., Рыбинск;Тульская обл, г Ясногорск;10.04.2023;любой
Ярославская обл., Рыбинск;г Чебоксары;10.04.2023;любой
Ивановская обл, пос. Лежнево;Тульская обл, г Ясногорск;10.04.2023;любой
Ивановская обл, село Чернореченский;Тульская обл, г Ясногорск;10.04.2023;любой
г Иваново;Тульская обл, г Ясногорск;10.04.2023;любой
Тульская обл, г Ясногорск;Ивановская обл, г Фурманов;10.04.2023;любой
г Иваново;Тульская обл, г Ясногорск;10.04.2023;любой
Тульская обл, г Ясногорск;г Иваново;10.04.2023;любой
Иваново;Ярославская обл., Рыбинск;10.04.2023;задний
Костромская обл., г. Нерехта;Ярославская обл., Рыбинск;10.04.2023;любой
Иваново;Ярославская обл., Рыбинск;10.04.2023;любой
Ивановская обл, деревня Большое Ступкино;Ярославская обл., Рыбинск;10.04.2023;любой
г Иваново;Ярославская обл., Рыбинск;10.04.2023;любой
Ярославская обл., Рыбинск;Ярославская обл, Переславль-Залесский;10.04.2023;любой
Ярославская обл., Рыбинск;Тульская обл, г Ясногорск;10.04.2023;любой
г Иваново;Тульская обл, г Ясногорск;10.04.2023;любой
Ивановская обл., село Богородское;Тульская обл, г Ясногорск;10.04.2023;любой
Ивановская обл, посёлок Палех;Тульская обл, г Ясногорск;10.04.2023;любой
Тульская обл, поселок Петровский;Тульская обл, г Ясногорск;10.04.2023;любой
г Казань;Ярославская обл., Рыбинск;10.04.2023;боковой
Казань;Ярославская обл., Рыбинск;10.04.2023;задний
Ивановская область, с. Шилыково;Тульская обл, г Ясногорск;10.04.2023;любой
РФ, Краснодарский край, Краснодар г;Краснодарский край, Новороссийск;10.04.2023;любой
Респ Адыгея, Адыгейск;Краснодарский край, Новороссийск;10.04.2023;любой
г Иваново;Ярославская обл., Рыбинск;10.04.2023;задний
Казань;Ярославская обл., Рыбинск;10.04.2023;боковой
Краснодарский край, Новороссийск;Пятигорск;10.04.2023;любой
Ярославская обл., Рыбинск;г. Казань;10.04.2023;любой
Ярославская обл., Рыбинск;Тульская обл, г Ясногорск;10.04.2023;любой
Чеховский р-н, Константиновское;Тульская обл, г Ясногорск;11.04.2023;любой
Ивановская обл., г. Шуя;Тульская обл, г Ясногорск;11.04.2023;любой
Ивановская обл, пос. Лежнево;Тульская обл, г Ясногорск;11.04.2023;любой
Ивановская обл., д. Гоголево;Тульская обл, г Ясногорск;11.04.2023;любой
Ивановская обл, пос. Лежнево;Тульская обл, г Ясногорск;11.04.2023;любой
г Рязань;Тульская обл, г Ясногорск;11.04.2023;любой
Краснодарский край, Новороссийск;Пятигорск;11.04.2023;любой
Краснодарский край, Новороссийск;Краснодарский край, Кропоткин г;11.04.2023;любой
г Иваново;Тульская обл, г Ясногорск;11.04.2023;любой
г Иваново;Тульская обл, г Ясногорск;11.04.2023;любой
Ивановская обл., село Богородское;Тульская обл, г Ясногорск;11.04.2023;любой
Тульская обл, г Ясногорск;Владимирская обл., г Радужный;13.04.2023;любой
Тульская обл, г Ясногорск;г Ярославль;13.04.2023;любой
Тульская обл, г Ясногорск;г Иваново;13.04.2023;любой
Чеховский р-н, Константиновское;Тульская обл, г Ясногорск;11.04.2023;любой
Ярославская обл., Рыбинск;Тульская обл, г Ясногорск;11.04.2023;любой
Ярославская обл., Рыбинск;Тульская обл, г Ясногорск;11.04.2023;любой
Ярославская обл., Рыбинск;республика Татарстан, г. Зеленодольск;11.04.2023;любой
г Иваново;Тульская обл, г Ясногорск;11.04.2023;любой
Тульская обл, г Ясногорск;г Ярославль;13.04.2023;любой
Тульская обл, г Ясногорск;Нижегородская обл, г Дзержинск;13.04.2023;любой
г Казань;Ярославская обл., Рыбинск;11.04.2023;боковой
Ивановская обл., Игнатово;Ярославская обл., Рыбинск;11.04.2023;любой
г Иваново;Ярославская обл., Рыбинск;11.04.2023;задний
Тульская обл, г Ясногорск;Нижегородская обл, г Дзержинск;14.04.2023;любой
Ивановская обл, деревня Большое Ступкино;Ярославская обл., Рыбинск;11.04.2023;любой
Ивановская обл., Палехский р-н, село Майдаково;Ярославская обл., Рыбинск;11.04.2023;любой
Ивановская обл, пос. Палех;Ярославская обл., Рыбинск;11.04.2023;боковой
Тульская обл, г Ясногорск;г Ярославль;13.04.2023;любой
Чеховский р-н, Константиновское;Тульская обл, г Ясногорск;11.04.2023;любой
Ивановская обл, г Фурманов;Тульская обл, г Ясногорск;11.04.2023;любой
Московская обл, г Чехов;Тульская обл, г Ясногорск;11.04.2023;любой
г Иваново;Тульская обл, г Ясногорск;11.04.2023;любой
Ярославская обл., Рыбинск;Ивановская обл, п. Палех;11.04.2023;любой
Владимирская обл., г. Радужный;Тульская обл, г Ясногорск;11.04.2023;любой
Калуга;Ярославская обл., Рыбинск;11.04.2023;боковой
республика Татарстан, Зеленодольск;Ярославская обл., Рыбинск;11.04.2023;любой
республика Татарстан, Зеленодольск;Ярославская обл., Рыбинск;11.04.2023;любой
Волгоград;Ярославская обл., Рыбинск;11.04.2023;любой
Ивановская обл, деревня Большое Ступкино;Ярославская обл., Рыбинск;11.04.2023;любой
Казань;Ярославская обл., Рыбинск;11.04.2023;боковой
г Иваново;Ярославская обл., Рыбинск;11.04.2023;задний
Казань г.;Ярославская обл., Рыбинск;11.04.2023;задний
Ярославская обл., Рыбинск;г. Кострома;11.04.2023;любой
Ярославская обл., Рыбинск;Тульская обл, г Ясногорск;12.04.2023;любой
Ивановская обл., г. Шуя;Тульская обл, г Ясногорск;11.04.2023;любой
Тульская обл;Тульская обл, г Ясногорск;11.04.2023;любой
Ивановская обл, Приволжск;Тульская обл, г Ясногорск;11.04.2023;любой
г. Владимир;Тульская обл, г Ясногорск;11.04.2023;любой
Ивановская обл., село Богородское;Тульская обл, г Ясногорск;11.04.2023;любой
Ивановская область, Богородское;Тульская обл, г Ясногорск;11.04.2023;любой
Тульская обл, г Ясногорск;Калужская обл, г Кондрово;12.04.2023;любой
Тульская обл, г Ясногорск;Калужская обл, г Кондрово;12.04.2023;любой
Тульская обл, г Ясногорск;г Ярославль;12.04.2023;любой
Тульская обл, г Ясногорск;Нижегородская обл, г Дзержинск;13.04.2023;любой
Тульская обл, г Ясногорск;Калужская обл, г Балабаново;13.04.2023;любой
Тульская обл, г Ясногорск;Нижегородская обл, г Дзержинск;13.04.2023;любой
Ярославская обл., Рыбинск;Малоярославец;11.04.2023;любой
Ярославская обл., Рыбинск;Малоярославец;11.04.2023;любой
г Тула;Тульская обл, г Ясногорск;11.04.2023;любой
Ярославская обл., Рыбинск;Чебоксары;13.04.2023;любой
Ярославская обл., Рыбинск;Тульская обл, г Ясногорск;13.04.2023;любой
Ярославская обл., Рыбинск;Владимирская обл, г Лакинск;13.04.2023;любой
Ярославская обл., Рыбинск;Калужская область, Боровского района, г.Балабаново;13.04.2023;любой
Ярославская обл., Рыбинск;Калужская обл, г Суворов;13.04.2023;любой
Ярославская обл., Рыбинск;г Калуга;13.04.2023;любой
Ярославская обл., Рыбинск;республика Татарстан, г. Зеленодольск;13.04.2023;любой
Ярославская обл., Рыбинск;республика Татарстан, г. Зеленодольск;13.04.2023;любой
Ярославская обл., Рыбинск;Малоярославец;13.04.2023;любой
Ярославская обл., Рыбинск;Нижегородская обл, г Богородск;13.04.2023;любой
Ярославская обл., Рыбинск;Тульская обл, г Ясногорск;13.04.2023;любой
Ярославская обл., Рыбинск;Нижегородская обл, г Богородск;13.04.2023;любой
Кострома;Тульская обл, г Ясногорск;11.04.2023;любой
Ярославская обл., Рыбинск;г Чебоксары;13.04.2023;любой
Краснодарский край, Новороссийск;Краснодарский край, Кропоткин г;11.04.2023;любой
Краснодарский край, Новороссийск;Краснодарский край, Кропоткин г;13.04.2023;любой
Ярославская обл., Рыбинск;Нижегородская обл, г Богородск;14.04.2023;любой
Ярославская обл., Рыбинск;г. Казань;14.04.2023;любой
Ярославская обл., Рыбинск;Республика Татарстан, Зеленодольский район, село Осиново;14.04.2023;любой
Ярославская обл., Рыбинск;г. Казань;14.04.2023;любой
Ярославская обл., Рыбинск;Тульская обл, г Ясногорск;14.04.2023;любой
Ивановская обл, деревня Большое Ступкино;Ярославская обл., Рыбинск;14.04.2023;любой
Иваново;Ярославская обл., Рыбинск;14.04.2023;задний
Калуга;Ярославская обл., Рыбинск;14.04.2023;боковой
Казань;Ярославская обл., Рыбинск;14.04.2023;боковой
Тульская обл, г Ясногорск;г Ярославль;14.04.2023;любой
Тульская обл, г Ясногорск;г Иваново;14.04.2023;любой
г Иваново;Тульская обл, г Ясногорск;14.04.2023;любой
Тульская обл;Тульская обл, г Ясногорск;14.04.2023;любой
Ивановская обл, пос. Лежнево;Тульская обл, г Ясногорск;14.04.2023;любой
Ивановская область, г. Кохма;Тульская обл, г Ясногорск;14.04.2023;любой
Тульская обл, г Ясногорск;республика Татарстан, г. Зеленодольск;14.04.2023;любой
Владимирская обл., г. Радужный;Тульская обл, г Ясногорск;14.04.2023;любой
Ивановская обл, г Тейково;Тульская обл, г Ясногорск;14.04.2023;любой
Ивановская обл, Коляновское сельское поселение;Тульская обл, г Ясногорск;14.04.2023;любой
Ивановская обл, пос. Лежнево;Тульская обл, г Ясногорск;14.04.2023;любой
Тульская обл, г Ясногорск;г Ярославль;14.04.2023;любой
Тульская обл, г Ясногорск;г Ярославль;14.04.2023;любой
Тульская обл, г Ясногорск;Калужская обл, г Кондрово;14.04.2023;любой
г Казань;Ярославская обл., Рыбинск;14.04.2023;боковой
Ивановская обл, пос. Лежнево;Тульская обл, г Ясногорск;14.04.2023;любой
Казань;Ярославская обл., Рыбинск;14.04.2023;боковой
Московская обл, г Серпухов;Тульская обл, г Ясногорск;14.04.2023;любой
Тульская обл, г Ясногорск;Калужская обл, г Кондрово;14.04.2023;любой
Ивановская обл., село Богородское;Тульская обл, г Ясногорск;14.04.2023;любой
Тульская обл, г Ясногорск;Калужская обл, г Кондрово;14.04.2023;любой
Ивановская обл., Родники г.;Тульская обл, г Ясногорск;14.04.2023;любой
Ивановская обл.,Тейковский район, д Большое Ступкино;Тульская обл, г Ясногорск;14.04.2023;любой
Ярославская обл., Рыбинск;г Чебоксары;14.04.2023;любой
Тульская обл, г Ясногорск;г Ярославль;14.04.2023;любой
Ивановская область, г. Кохма;Тульская обл, г Ясногорск;14.04.2023;любой
Гусь-Хрустальный;Ярославская обл., Рыбинск;14.04.2023;боковой
г Владимир;Тульская обл, г Ясногорск;14.04.2023;любой
г Иваново;Тульская обл, г Ясногорск;14.04.2023;любой
Ивановская обл, Приволжск;Тульская обл, г Ясногорск;14.04.2023;любой
Ивановская обл., г. Шуя;Тульская обл, г Ясногорск;14.04.2023;любой
г Иваново;Тульская обл, г Ясногорск;14.04.2023;любой
г Рязань;Тульская обл, г Ясногорск;14.04.2023;любой
Казань;Ярославская обл., Рыбинск;14.04.2023;задний
Казань;Ярославская обл., Рыбинск;14.04.2023;задний
Ярославская обл., Рыбинск;Тульская обл, г Ясногорск;14.04.2023;любой
РФ, Краснодарский край, Краснодар г;Краснодарский край, Новороссийск;14.04.2023;любой
РФ, Краснодарский край, Краснодар г;Краснодарский край, Новороссийск;14.04.2023;любой
г Иваново;Ярославская обл., Рыбинск;14.04.2023;любой
г Иваново;Ярославская обл., Рыбинск;14.04.2023;любой
Ярославская обл., Рыбинск;г Рязань;14.04.2023;любой
г Иваново;Тульская обл, г Ясногорск;14.04.2023;любой
г Иваново;Тульская обл, г Ясногорск;14.04.2023;любой
Ярославская обл., Рыбинск;Тульская обл, г Ясногорск;14.04.2023;любой
Московская обл, Протвино;Тульская обл, г Ясногорск;14.04.2023;любой
г Иваново;Ярославская обл., Рыбинск;14.04.2023;любой
Казань;Ярославская обл., Рыбинск;14.04.2023;задний
Казань;Ярославская обл., Рыбинск;14.04.2023;боковой
Казань;Ярославская обл., Рыбинск;14.04.2023;задний
г Иваново;Ярославская обл., Рыбинск;14.04.2023;задний
Ярославская обл., Рыбинск;Тульская обл, г Ясногорск;14.04.2023;любой
Тульская обл, г Ясногорск;Калужская обл, г Кондрово;15.04.2023;любой
Краснодарский край, Новороссийск;Краснодарский край, Кропоткин г;14.04.2023;любой
Ярославская обл., Рыбинск;Владимирская обл., г Радужный;14.04.2023;любой
Ярославская обл., Рыбинск;г. Казань;15.04.2023;любой
Ярославская обл., Рыбинск;Республика Татарстан, Зеленодольский район, село Осиново;15.04.2023;любой
Ярославская обл., Рыбинск;республика Татарстан, г. Зеленодольск;15.04.2023;любой
Ярославская обл., Рыбинск;Тульская обл, г Ясногорск;15.04.2023;любой
Ярославская обл., Рыбинск;Тульская обл, г Ясногорск;15.04.2023;любой
Ярославская обл., Рыбинск;Тверская обл, Тверь г;15.04.2023;любой
Ярославская обл., Рыбинск;г Нижний Новгород;15.04.2023;любой
г Казань;Ярославская обл., Рыбинск;15.04.2023;боковой
Тульская обл, г Ясногорск;Нижегородская обл, г Дзержинск;16.04.2023;любой
Тульская обл, г Ясногорск;Нижегородская обл, г Дзержинск;16.04.2023;любой
Казань г.;Ярославская обл., Рыбинск;15.04.2023;задний
Ивановская обл, Кохма г;Тульская обл, г Ясногорск;15.04.2023;любой
г Иваново;Тульская обл, г Ясногорск;15.04.2023;любой
Тульская обл, г Ясногорск;г Ярославль;15.04.2023;любой
Казань;Ярославская обл., Рыбинск;15.04.2023;задний
Ивановская обл, пос. Лежнево;Тульская обл, г Ясногорск;15.04.2023;любой
Казань;Ярославская обл., Рыбинск;15.04.2023;боковой
Ярославская обл., Рыбинск;г Иваново;15.04.2023;любой
Казань;Ярославская обл., Рыбинск;15.04.2023;боковой
Ярославская обл., Рыбинск;Владимирская обл., г Радужный;15.04.2023;любой
Ивановская обл, село Бибирево;Тульская обл, г Ясногорск;15.04.2023;любой
Тульская обл;Тульская обл, г Ясногорск;15.04.2023;любой
Ивановская область, с. Шилыково;Тульская обл, г Ясногорск;15.04.2023;любой
Московская обл, г Серпухов;Тульская обл, г Ясногорск;15.04.2023;любой
г Иваново;Тульская обл, г Ясногорск;15.04.2023;любой
Тульская обл, г Ясногорск;г Ярославль;15.04.2023;любой
Ивановская область, г. Шуя;Тульская обл, г Ясногорск;15.04.2023;любой
г Иваново;Тульская обл, г Ясногорск;15.04.2023;любой
Тульская обл, г Новомосковск;Тульская обл, г Ясногорск;15.04.2023;любой
Ивановская область, г. Кохма;Тульская обл, г Ясногорск;15.04.2023;любой
Новочебоксарск;Тульская обл, г Ясногорск;15.04.2023;любой
г. Рязань;Тульская обл, г Ясногорск;15.04.2023;любой
Тульская обл, г Ясногорск;г Ярославль;16.04.2023;любой
Тульская обл, г Суворов;Тульская обл, г Ясногорск;15.04.2023;любой
Казань;Ярославская обл., Рыбинск;15.04.2023;задний
г Иваново;Тульская обл, г Ясногорск;15.04.2023;любой
г Иваново;Тульская обл, г Ясногорск;15.04.2023;любой
Иваново;Ярославская обл., Рыбинск;15.04.2023;любой
Казань;Ярославская обл., Рыбинск;15.04.2023;задний
Ивановская обл., село Богородское;Тульская обл, г Ясногорск;15.04.2023;любой
Краснодарский край, Новороссийск;Пятигорск;15.04.2023;любой
Ивановская обл, пос. Лежнево;Тульская обл, г Ясногорск;15.04.2023;любой
Тульская обл, г Ясногорск;г Ярославль;16.04.2023;любой
Ярославская обл., Рыбинск;Тульская обл, г Ясногорск;15.04.2023;любой
г Иваново;Ярославская обл., Рыбинск;15.04.2023;любой
Иваново;Ярославская обл., Рыбинск;15.04.2023;любой
Ярославская обл., Рыбинск;Владимирская обл, г Лакинск;15.04.2023;любой
г Иваново;Ярославская обл., Рыбинск;15.04.2023;задний
Ярославская обл., Рыбинск;Нижегородская обл, г Богородск;15.04.2023;любой
г Иваново;Ярославская обл., Рыбинск;15.04.2023;любой
Краснодарский край, Новороссийск;Краснодарский край, Кропоткин г;15.04.2023;любой
Ярославская обл., Рыбинск;г. Ярославль;15.04.2023;любой
РФ, Краснодарский край, Краснодар г;Краснодарский край, Новороссийск;15.04.2023;любой
г Иваново;Ярославская обл., Рыбинск;15.04.2023;любой
Ярославская обл., Рыбинск;г. Казань;16.04.2023;любой
Ярославская обл., Рыбинск;Тульская обл, г Ясногорск;16.04.2023;любой
Ярославская обл., Рыбинск;Чебоксары;16.04.2023;любой
Казань;Ярославская обл., Рыбинск;16.04.2023;задний
МО, Ступинский р-он;Тульская обл, г Ясногорск;16.04.2023;любой
Фурманов;Ярославская обл., Рыбинск;16.04.2023;боковой
Иваново;Ярославская обл., Рыбинск;16.04.2023;любой
Владимирская обл., г. Суздаль;Тульская обл, г Ясногорск;16.04.2023;любой
Казань;Ярославская обл., Рыбинск;16.04.2023;задний
г Казань;Ярославская обл., Рыбинск;16.04.2023;боковой
Ярославская обл., Рыбинск;Тульская обл, г Ясногорск;16.04.2023;любой
Ярославская обл., Рыбинск;Тульская обл, г Ясногорск;16.04.2023;любой
Ивановская обл., село Богородское;Ярославская обл., Рыбинск;16.04.2023;задний
Ярославская обл., Рыбинск;Нижегородская обл, г Богородск;16.04.2023;любой
г Иваново;Ярославская обл., Рыбинск;16.04.2023;задний
Ивановская обл, п. Палех;Тульская обл, г Ясногорск;16.04.2023;любой
Иваново;Ярославская обл., Рыбинск;16.04.2023;любой
Ярославская обл., Рыбинск;Калужская область, Боровского района, г.Балабаново;16.04.2023;любой
Казань;Ярославская обл., Рыбинск;16.04.2023;боковой
г Иваново;Ярославская обл., Рыбинск;16.04.2023;любой
Ярославская обл., Рыбинск;г Рязань;16.04.2023;любой
Краснодарский край, Новороссийск;Краснодарский край, Кропоткин г;17.04.2023;любой
Казань г.;Ярославская обл., Рыбинск;16.04.2023;задний
г Иваново;Тульская обл, г Ясногорск;16.04.2023;любой
Московская обл, г Серпухов;Тульская обл, г Ясногорск;16.04.2023;любой
Ярославская обл., г Ростов;Тульская обл, г Ясногорск;16.04.2023;любой
г. Владимир;Тульская обл, г Ясногорск;16.04.2023;любой
Калужская обл, г Балабаново;Тульская обл, г Ясногорск;16.04.2023;любой
г Иваново;Тульская обл, г Ясногорск;16.04.2023;любой
Ивановская обл, посёлок Палех;Тульская обл, г Ясногорск;16.04.2023;любой
Ивановская обл, село Чернореченский;Тульская обл, г Ясногорск;16.04.2023;любой
Ивановская область, г. Кохма;Тульская обл, г Ясногорск;16.04.2023;любой
г Иваново;Тульская обл, г Ясногорск;16.04.2023;любой
Казань;Ярославская обл., Рыбинск;16.04.2023;задний
Ярославская обл., Рыбинск;Приволжск;16.04.2023;любой
Приволжск;Ярославская обл., Рыбинск;16.04.2023;задний
г Иваново;Ярославская обл., Рыбинск;16.04.2023;задний
Ярославская обл., Рыбинск;г Иваново;16.04.2023;любой
РФ, Краснодарский край, Краснодар г;Краснодарский край, Новороссийск;16.04.2023;любой
Ярославская обл., Рыбинск;г. Казань;17.04.2023;любой
Ярославская обл., Рыбинск;республика Татарстан, г. Зеленодольск;17.04.2023;любой
Чебоксары;Ярославская обл., Рыбинск;17.04.2023;боковой
Ярославская обл., Рыбинск;г Нижний Новгород;17.04.2023;любой
Ярославская обл., Рыбинск;Тульская обл, г Ясногорск;17.04.2023;любой
Ярославская обл., Рыбинск;Нижегородская обл, г Богородск;17.04.2023;любой
г Казань;Ярославская обл., Рыбинск;17.04.2023;боковой
Ярославская обл., Рыбинск;Чебоксары;17.04.2023;любой
г Казань;Ярославская обл., Рыбинск;17.04.2023;боковой
Казань;Ярославская обл., Рыбинск;17.04.2023;боковой
Краснодарский край, Новороссийск;Краснодарский край, Кропоткин г;17.04.2023;любой
Ивановская обл, пос. Лежнево;Тульская обл, г Ясногорск;17.04.2023;любой
Калужская обл, г Малоярославец;Тульская обл, г Ясногорск;17.04.2023;любой
Тульская обл, г Ясногорск;г Ярославль;17.04.2023;любой
Ярославская обл., Рыбинск;г Чебоксары;17.04.2023;любой
г Иваново;Тульская обл, г Ясногорск;17.04.2023;любой
Чебоксары;Ярославская обл., Рыбинск;17.04.2023;боковой
Ярославская обл., Рыбинск;Тульская обл, г Ясногорск;17.04.2023;любой
Ивановская область, г. Кохма;Тульская обл, г Ясногорск;17.04.2023;любой
Ивановская область, с. Шилыково;Тульская обл, г Ясногорск;17.04.2023;любой
Ивановская обл, посёлок Лежнево;Тульская обл, г Ясногорск;17.04.2023;любой
Владимирская обл., г. Суздаль;Тульская обл, г Ясногорск;17.04.2023;любой
Ивановская обл, посёлок Лежнево;Тульская обл, г Ясногорск;17.04.2023;любой
г Иваново;Тульская обл, г Ясногорск;17.04.2023;любой
МО, Константиновское;Ярославская обл., Рыбинск;17.04.2023;задний
г Иваново;Ярославская обл., Рыбинск;17.04.2023;задний
Казань;Ярославская обл., Рыбинск;17.04.2023;задний
г Иваново;Ярославская обл., Рыбинск;17.04.2023;любой
г Иваново;Ярославская обл., Рыбинск;17.04.2023;любой
г Иваново;Ярославская обл., Рыбинск;17.04.2023;задний
г Иваново;Тульская обл, г Ясногорск;17.04.2023;любой
Ярославская обл., Рыбинск;Тульская обл, г Ясногорск;17.04.2023;любой
Чеховский р-н, Константиновское;Тульская обл, г Ясногорск;17.04.2023;любой
г Иваново;Тульская обл, г Ясногорск;17.04.2023;любой
Иваново;Ярославская обл., Рыбинск;17.04.2023;задний
Иваново;Ярославская обл., Рыбинск;17.04.2023;любой
Краснодарский край, Новороссийск;Пятигорск;17.04.2023;любой
Ярославская обл., Рыбинск;Владимирская обл., г Радужный;17.04.2023;любой
г Иваново;Тульская обл, г Ясногорск;17.04.2023;любой
г Иваново;Тульская обл, г Ясногорск;17.04.2023;любой
г Иваново;Тульская обл, г Ясногорск;17.04.2023;любой
г Иваново;Тульская обл, г Ясногорск;17.04.2023;любой
г. Рязань;Тульская обл, г Ясногорск;17.04.2023;любой
Ивановская обл., село Богородское;Тульская обл, г Ясногорск;17.04.2023;любой
Ивановская обл, Приволжск;Тульская обл, г Ясногорск;17.04.2023;любой
Краснодарский край, Новороссийск;Краснодар;17.04.2023;любой
Иваново;Ярославская обл., Рыбинск;17.04.2023;задний
Казань;Ярославская обл., Рыбинск;17.04.2023;задний
Казань г.;Ярославская обл., Рыбинск;17.04.2023;задний
Тульская обл, г Ясногорск;г Ярославль;18.04.2023;любой
Тульская обл, г Ясногорск;г Ярославль;18.04.2023;любой
Иваново;Ярославская обл., Рыбинск;17.04.2023;любой
Краснодарский край, Новороссийск;Пятигорск;17.04.2023;любой
Краснодарский край, Новороссийск;Пятигорск;18.04.2023;любой
РФ, Краснодарский край, Краснодар г;Краснодарский край, Новороссийск;16.04.2023;любой
Респ Адыгея, Адыгейск;Краснодарский край, Новороссийск;17.04.2023;любой
Калужская обл, г Малоярославец;Тульская обл, г Ясногорск;18.04.2023;любой
г Иваново;Ярославская обл., Рыбинск;18.04.2023;любой
г Казань;Ярославская обл., Рыбинск;18.04.2023;боковой
Московская обл, г Серпухов;Тульская обл, г Ясногорск;18.04.2023;любой
Ярославская обл., Рыбинск;Тульская обл, г Ясногорск;18.04.2023;любой
Ярославская обл., Рыбинск;Тульская обл, г Ясногорск;18.04.2023;любой
Казань;Ярославская обл., Рыбинск;18.04.2023;задний
Казань;Ярославская обл., Рыбинск;18.04.2023;боковой
Московская обл, г Серпухов;Тульская обл, г Ясногорск;18.04.2023;любой
г Иваново;Тульская обл, г Ясногорск;18.04.2023;любой
Казань;Ярославская обл., Рыбинск;18.04.2023;боковой
Владимирская обл., г. Суздаль;Тульская обл, г Ясногорск;18.04.2023;любой
Ивановская обл, пос. Лежнево;Тульская обл, г Ясногорск;18.04.2023;любой
МО, Константиновское;Ярославская обл., Рыбинск;18.04.2023;задний
Волгоград;Ярославская обл., Рыбинск;18.04.2023;любой
г Иваново;Ярославская обл., Рыбинск;18.04.2023;любой
Ярославская обл., Рыбинск;Тульская обл, г Ясногорск;18.04.2023;любой
г Иваново;Тульская обл, г Ясногорск;18.04.2023;любой
Ивановская обл, пос. Лежнево;Тульская обл, г Ясногорск;18.04.2023;любой
Ивановская обл., с. Шилыково;Тульская обл, г Ясногорск;18.04.2023;любой
г Иваново;Тульская обл, г Ясногорск;18.04.2023;любой
Ярославская обл., Рыбинск;Тульская обл, г Ясногорск;18.04.2023;любой
Ивановская обл, Лежнево;Ярославская обл., Рыбинск;18.04.2023;задний
Приволжск;Ярославская обл., Рыбинск;18.04.2023;задний
Иваново;Ярославская обл., Рыбинск;18.04.2023;любой
Тульская обл;Тульская обл, г Ясногорск;18.04.2023;любой
Ивановская обл, посёлок Лежнево;Тульская обл, г Ясногорск;18.04.2023;любой
г Иваново;Ярославская обл., Рыбинск;18.04.2023;задний
г Иваново;Тульская обл, г Ясногорск;18.04.2023;любой
МО, Ступинский р-он;Тульская обл, г Ясногорск;18.04.2023;любой
Тульская обл, г Ясногорск;г Иваново;20.04.2023;любой
Ярославская обл., Рыбинск;Тульская обл, г Ясногорск;18.04.2023;любой
Ярославская обл., Рыбинск;Тульская обл, г Ясногорск;18.04.2023;любой
Иваново;Ярославская обл., Рыбинск;18.04.2023;задний
Ярославская обл., Рыбинск;Тульская обл, г Ясногорск;18.04.2023;любой
Ярославская обл., Рыбинск;Калужская область, Боровского района, г.Балабаново;18.04.2023;любой
Ярославская обл., Рыбинск;Нижегородская обл, г Богородск;18.04.2023;любой
г Иваново;Тульская обл, г Ясногорск;18.04.2023;любой
г Владимир;Тульская обл, г Ясногорск;18.04.2023;любой
г. Рязань;Тульская обл, г Ясногорск;18.04.2023;любой
Ивановская обл., г Шуя;Тульская обл, г Ясногорск;18.04.2023;любой
г Владимир;Тульская обл, г Ясногорск;18.04.2023;любой
г Иваново;Тульская обл, г Ясногорск;18.04.2023;любой
Калужская обл, г Балабаново;Тульская обл, г Ясногорск;18.04.2023;любой
Ивановская обл, село Чернореченский;Тульская обл, г Ясногорск;18.04.2023;любой
Ивановская обл., Палехский р-н, село Майдаково;Тульская обл, г Ясногорск;18.04.2023;любой
Ивановская обл., село Богородское;Тульская обл, г Ясногорск;18.04.2023;любой
Ярославская обл., Гаврилов-Ям;Тульская обл, г Ясногорск;18.04.2023;любой
Ярославская обл., Рыбинск;Тульская обл, г Ясногорск;18.04.2023;любой
Ярославская обл., Рыбинск;Тульская обл, г Ясногорск;19.04.2023;любой
Казань;Ярославская обл., Рыбинск;18.04.2023;задний
Ярославская обл., Рыбинск;Тульская обл, г Ясногорск;19.04.2023;любой
Ивановская обл, деревня Большое Ступкино;Ярославская обл., Рыбинск;18.04.2023;любой
Краснодарский край, Новороссийск;Пятигорск;20.04.2023;любой
Ярославская обл., Рыбинск;Тульская обл, г Ясногорск;19.04.2023;любой
Краснодарский край, Новороссийск;Краснодарский край, Кропоткин г;18.04.2023;любой
Ярославская обл., Рыбинск;Тульская обл, г Ясногорск;19.04.2023;любой
Ярославская обл., Рыбинск;Тульская обл, г Ясногорск;19.04.2023;любой
Ярославская обл., Рыбинск;Ярославская обл, Переславль-Залесский;20.04.2023;любой
Ярославская обл., Рыбинск;Чебоксары;20.04.2023;любой
Ярославская обл., Рыбинск;Тульская обл, г Ясногорск;20.04.2023;любой
Ярославская обл., Рыбинск;Тульская обл, г Ясногорск;20.04.2023;любой
Ярославская обл., Рыбинск;Тульская обл, г Ясногорск;20.04.2023;любой
Ярославская обл., Рыбинск;г. Казань;20.04.2023;любой
Ярославская обл., Рыбинск;республика Татарстан, г. Зеленодольск;20.04.2023;любой
Ярославская обл., Рыбинск;Чебоксары;20.04.2023;любой
Ярославская обл., Рыбинск;г Рязань;20.04.2023;любой
Ярославская обл., Рыбинск;Калужская обл, г Суворов;20.04.2023;любой
Ярославская обл., Рыбинск;Владимирская обл, г Ковров;20.04.2023;любой
Ярославская обл., Рыбинск;республика Татарстан, г Зеленодольск;20.04.2023;любой
Ярославская обл., Рыбинск;г Казань;20.04.2023;любой
Ярославская обл., Рыбинск;Чебоксары;20.04.2023;любой
РФ, Краснодарский край, Краснодар г;Краснодарский край, Новороссийск;17.04.2023;любой
Ярославская обл., Рыбинск;Тульская обл, г Ясногорск;19.04.2023;любой
Ярославская обл., Рыбинск;Владимирская обл., г Радужный;19.04.2023;любой
Краснодарский край, Новороссийск;Краснодарский край, Кропоткин г;18.04.2023;любой
г Иваново;Тульская обл, г Ясногорск;18.04.2023;любой
Краснодарский край, Новороссийск;Краснодарский край, Кропоткин г;19.04.2023;любой
Краснодарский край, Новороссийск;Краснодарский край, Кропоткин г;20.04.2023;любой
Ярославская обл., Рыбинск;г. Казань;21.04.2023;любой
Ярославская обл., Рыбинск;Ивановская обл, пос. Лежнево;21.04.2023;любой
Ярославская обл., Рыбинск;г Иваново;21.04.2023;любой
Ярославская обл., Рыбинск;Иваново;21.04.2023;любой
Ивановская обл, посёлок Палех;Тульская обл, г Ясногорск;21.04.2023;любой
Казань;Ярославская обл., Рыбинск;21.04.2023;задний
Чебоксары;Ярославская обл., Рыбинск;21.04.2023;боковой
Казань;Ярославская обл., Рыбинск;21.04.2023;боковой
г Казань;Ярославская обл., Рыбинск;21.04.2023;боковой
Ивановская обл, пос. Лежнево;Тульская обл, г Ясногорск;21.04.2023;любой
Ивановская обл, пос. Лежнево;Тульская обл, г Ясногорск;21.04.2023;любой
г Владимир;Тульская обл, г Ясногорск;21.04.2023;любой
Ярославская обл., г Ростов;Ярославская обл., Рыбинск;21.04.2023;любой
Ярославская обл., г. Ростов;Тульская обл, г Ясногорск;21.04.2023;любой
Ивановская обл, село Чернореченский;Тульская обл, г Ясногорск;21.04.2023;любой
Московская обл, г Чехов;Тульская обл, г Ясногорск;21.04.2023;любой
Казань г.;Ярославская обл., Рыбинск;21.04.2023;задний
Ярославская обл., Рыбинск;Тульская обл, г Ясногорск;21.04.2023;любой
Казань;Ярославская обл., Рыбинск;21.04.2023;боковой
Казань;Ярославская обл., Рыбинск;21.04.2023;задний
Ярославская обл., Рыбинск;Тульская обл, г Ясногорск;21.04.2023;любой
Ивановская обл, пос. Лежнево;Тульская обл, г Ясногорск;21.04.2023;любой
г Иваново;Ярославская обл., Рыбинск;21.04.2023;любой
Иваново;Ярославская обл., Рыбинск;21.04.2023;задний
Краснодарский край, Новороссийск;Краснодарский край, Кропоткин г;21.04.2023;любой
Казань;Ярославская обл., Рыбинск;21.04.2023;задний
Краснодарский край, Новороссийск;Краснодарский край, Кропоткин г;21.04.2023;любой
Кохма;Ярославская обл., Рыбинск;21.04.2023;любой
Ивановская обл, г. Тейково;Тульская обл, г Ясногорск;21.04.2023;любой
г Иваново;Тульская обл, г Ясногорск;21.04.2023;любой
г Иваново;Тульская обл, г Ясногорск;21.04.2023;любой
г Иваново;Тульская обл, г Ясногорск;21.04.2023;любой
Кохма;Ярославская обл., Рыбинск;21.04.2023;любой
Кохма;Ярославская обл., Рыбинск;21.04.2023;любой
Тульская обл, г Ясногорск;Ивановская обл, г Фурманов;21.04.2023;любой
Ивановская обл., село Богородское;Тульская обл, г Ясногорск;21.04.2023;любой
г Иваново;Тульская обл, г Ясногорск;21.04.2023;любой
Калужская обл, г Малоярославец;Тульская обл, г Ясногорск;21.04.2023;любой
г Иваново;Тульская обл, г Ясногорск;21.04.2023;любой
г Иваново;Тульская обл, г Ясногорск;21.04.2023;любой
г Иваново;Тульская обл, г Ясногорск;21.04.2023;любой
Московская обл, г Серпухов;Тульская обл, г Ясногорск;21.04.2023;любой
г Иваново;Тульская обл, г Ясногорск;21.04.2023;любой
г Иваново;Тульская обл, г Ясногорск;21.04.2023;любой
г Иваново;Тульская обл, г Ясногорск;21.04.2023;любой
Казань;Ярославская обл., Рыбинск;21.04.2023;задний
Казань;Ярославская обл., Рыбинск;21.04.2023;боковой
г Иваново;Тульская обл, г Ясногорск;21.04.2023;любой
Иваново;Ярославская обл., Рыбинск;21.04.2023;любой
Ярославская обл., Рыбинск;Калужская обл, г Суворов;21.04.2023;любой
г Рязань;Тульская обл, г Ясногорск;21.04.2023;любой
Кохма;Ярославская обл., Рыбинск;21.04.2023;любой
Ярославская обл., Рыбинск;Чебоксары;21.04.2023;любой
Ярославская обл., Рыбинск;республика Татарстан, г. Зеленодольск;22.04.2023;любой
Ярославская обл., Рыбинск;Чебоксары;22.04.2023;любой
Ярославская обл., Рыбинск;Чебоксары;22.04.2023;любой
Ярославская обл., Рыбинск;Тульская обл, г Ясногорск;22.04.2023;любой
Ярославская обл., Рыбинск;Нижегородская обл, г Богородск;22.04.2023;любой
Ярославская обл., Рыбинск;г Чебоксары;22.04.2023;любой
Казань;Ярославская обл., Рыбинск;22.04.2023;задний
г Иваново;Ярославская обл., Рыбинск;22.04.2023;задний
г Иваново;Ярославская обл., Рыбинск;22.04.2023;любой
г Иваново;Ярославская обл., Рыбинск;22.04.2023;любой
г Иваново;Ярославская обл., Рыбинск;22.04.2023;задний
Ивановская обл, деревня Большое Ступкино;Ярославская обл., Рыбинск;22.04.2023;любой
Ярославская обл., Рыбинск;Краснодарский край, Новороссийск;22.04.2023;любой
Ярославская обл., Рыбинск;Краснодарский край, Новороссийск;22.04.2023;любой
г Казань;Ярославская обл., Рыбинск;22.04.2023;боковой
Фурманов;Ярославская обл., Рыбинск;22.04.2023;боковой
Иваново;Ярославская обл., Рыбинск;22.04.2023;любой
Казань;Ярославская обл., Рыбинск;22.04.2023;задний
Краснодарский край, Новороссийск;Краснодар;22.04.2023;любой
Краснодарский край, Новороссийск;Краснодар;22.04.2023;любой
Ивановская обл, Коляновское сельское поселение;Тульская обл, г Ясногорск;22.04.2023;любой
г Иваново;Тульская обл, г Ясногорск;22.04.2023;любой
Казань;Ярославская обл., Рыбинск;22.04.2023;задний
Ивановская обл, г Кохма;Тульская обл, г Ясногорск;22.04.2023;любой
Краснодарский край, Новороссийск;Пятигорск;22.04.2023;любой
РФ, Краснодарский край, Краснодар г;Краснодарский край, Новороссийск;21.04.2023;любой
РФ, Краснодарский край, Краснодар г;Краснодарский край, Новороссийск;21.04.2023;любой
РФ, Краснодарский край, Краснодар г;Краснодарский край, Новороссийск;22.04.2023;любой
Ивановская обл, г Фурманов;Тульская обл, г Ясногорск;22.04.2023;любой
г Владимир;Тульская обл, г Ясногорск;22.04.2023;любой
Ивановская обл, пос. Лежнево;Тульская обл, г Ясногорск;22.04.2023;любой
г Ярославль;Тульская обл, г Ясногорск;22.04.2023;любой
Ивановская обл, пос. Лежнево;Тульская обл, г Ясногорск;22.04.2023;любой
г Иваново;Тульская обл, г Ясногорск;22.04.2023;любой
г Иваново;Тульская обл, г Ясногорск;22.04.2023;любой
Тульская обл, г Ясногорск;г Иваново;22.04.2023;любой
Ивановская обл., Родники г.;Тульская обл, г Ясногорск;22.04.2023;любой
г Иваново;Тульская обл, г Ясногорск;22.04.2023;любой
Ярославская обл., Гаврилов-Ям;Тульская обл, г Ясногорск;22.04.2023;любой
г Иваново;Тульская обл, г Ясногорск;22.04.2023;любой
г Иваново;Тульская обл, г Ясногорск;22.04.2023;любой
г Иваново;Тульская обл, г Ясногорск;22.04.2023;любой
г Иваново;Ярославская обл., Рыбинск;22.04.2023;любой
Ярославская обл., Рыбинск;Республика Татарстан, Зеленодольский район, село Осиново;23.04.2023;любой
Ярославская обл., Рыбинск;Тульская обл, г Ясногорск;23.04.2023;любой
Ярославская обл., Рыбинск;Чебоксары;23.04.2023;любой
Ярославская обл., Рыбинск;Чебоксары;23.04.2023;любой
Ярославская обл., Рыбинск;Тульская обл, г Ясногорск;23.04.2023;любой
Ярославская обл., Рыбинск;Приволжск;23.04.2023;любой
Ярославская обл., Рыбинск;Тульская обл, г Ясногорск;23.04.2023;любой
Ярославская обл., Рыбинск;г Рязань;23.04.2023;любой
Ивановская обл., Шуя;Ярославская обл., Рыбинск;23.04.2023;задний
г Казань;Ярославская обл., Рыбинск;23.04.2023;боковой
Казань;Ярославская обл., Рыбинск;23.04.2023;задний
Казань;Ярославская обл., Рыбинск;23.04.2023;боковой
Казань;Ярославская обл., Рыбинск;23.04.2023;боковой
г Иваново;Тульская обл, г Ясногорск;23.04.2023;любой
Чеховский р-н, Константиновское;Тульская обл, г Ясногорск;23.04.2023;любой
Ивановская обл, пос. Лежнево;Тульская обл, г Ясногорск;23.04.2023;любой
Ивановская обл, пос. Лежнево;Тульская обл, г Ясногорск;23.04.2023;любой
Ивановская обл., д. Гоголево;Тульская обл, г Ясногорск;23.04.2023;любой
Калужская обл, г Малоярославец;Тульская обл, г Ясногорск;23.04.2023;любой
Тульская обл, г Ясногорск;Владимирская обл., г Радужный;23.04.2023;любой
Ивановская обл, посёлок Лежнево;Тульская обл, г Ясногорск;23.04.2023;любой
Тульская обл;Тульская обл, г Ясногорск;23.04.2023;любой
Ивановская обл, пос. Лежнево;Тульская обл, г Ясногорск;23.04.2023;любой
Ивановская обл, пос. Лежнево;Тульская обл, г Ясногорск;23.04.2023;любой
Ивановская область, с. Шилыково;Тульская обл, г Ясногорск;23.04.2023;любой
Чебоксары;Ярославская обл., Рыбинск;23.04.2023;боковой
Чебоксары;Ярославская обл., Рыбинск;23.04.2023;боковой
Костромская обл., г Нерехта;Тульская обл, г Ясногорск;23.04.2023;любой
Ивановская обл, Приволжск;Тульская обл, г Ясногорск;23.04.2023;любой
Ярославская обл., Гаврилов-Ям;Тульская обл, г Ясногорск;23.04.2023;любой
РФ, Краснодарский край, Краснодар г;Краснодарский край, Новороссийск;23.04.2023;любой
Респ Адыгея, Адыгейск;Краснодарский край, Новороссийск;23.04.2023;любой
Иваново;Ярославская обл., Рыбинск;23.04.2023;задний
Тульская обл, поселок Петровский;Тульская обл, г Ясногорск;23.04.2023;любой
Ивановская обл, деревня Большое Ступкино;Ярославская обл., Рыбинск;23.04.2023;любой
Ивановская обл., село Шилыково;Тульская обл, г Ясногорск;24.04.2023;любой
Ярославская обл., Рыбинск;г. Кострома;23.04.2023;любой
г. Рязань;Тульская обл, г Ясногорск;23.04.2023;любой
Краснодарский край, Новороссийск;Пятигорск;23.04.2023;любой
Казань г.;Ярославская обл., Рыбинск;24.04.2023;задний
г Иваново;Тульская обл, г Ясногорск;24.04.2023;любой
г Иваново;Ярославская обл., Рыбинск;24.04.2023;любой
Ярославская обл., Рыбинск;Краснодарский край, Новороссийск;24.04.2023;любой
Ярославская обл., Рыбинск;Краснодарский край, Новороссийск;24.04.2023;любой
Ярославская обл., Рыбинск;Республика Татарстан, Зеленодольский район, село Осиново;24.04.2023;любой
Казань;Ярославская обл., Рыбинск;24.04.2023;задний
Чебоксары;Ярославская обл., Рыбинск;24.04.2023;боковой
Чебоксары;Ярославская обл., Рыбинск;24.04.2023;боковой
Ярославская обл., Рыбинск;Чебоксары;24.04.2023;любой
Ярославская обл., Рыбинск;республика Татарстан, г. Зеленодольск;24.04.2023;любой
Ярославская обл., Рыбинск;Тульская обл, г Ясногорск;24.04.2023;любой
Ярославская обл., Рыбинск;Тульская обл, г Ясногорск;24.04.2023;любой
Ярославская обл., Рыбинск;Ивановская обл, п. Палех;24.04.2023;любой
Ярославская обл., Рыбинск;Тульская обл, г Ясногорск;24.04.2023;любой
Казань г.;Ярославская обл., Рыбинск;24.04.2023;задний
Ивановская обл, деревня Большое Ступкино;Ярославская обл., Рыбинск;24.04.2023;любой
Казань г.;Ярославская обл., Рыбинск;24.04.2023;задний
г Казань;Ярославская обл., Рыбинск;24.04.2023;боковой
Тульская обл;Тульская обл, г Ясногорск;24.04.2023;любой
Ивановская обл, п. Палех;Тульская обл, г Ясногорск;23.04.2023;любой
Ивановская обл, село Бибирево;Тульская обл, г Ясногорск;23.04.2023;любой
г Иваново;Тульская обл, г Ясногорск;24.04.2023;любой
Ярославль;Тульская обл, г Ясногорск;24.04.2023;любой
Ивановская обл, село Чернореченский;Тульская обл, г Ясногорск;24.04.2023;любой
г Иваново;Тульская обл, г Ясногорск;24.04.2023;любой
г. Владимир;Тульская обл, г Ясногорск;24.04.2023;любой
г Владимир;Тульская обл, г Ясногорск;24.04.2023;любой
г Иваново;Ярославская обл., Рыбинск;24.04.2023;любой
Ивановская обл., село Богородское;Тульская обл, г Ясногорск;24.04.2023;любой
Ивановская обл, пос. Лежнево;Тульская обл, г Ясногорск;24.04.2023;любой
Казань г.;Ярославская обл., Рыбинск;24.04.2023;задний
Калужская обл, г Малоярославец;Тульская обл, г Ясногорск;24.04.2023;любой
г Иваново;Ярославская обл., Рыбинск;24.04.2023;задний
Ярославская обл., Рыбинск;г Чебоксары;24.04.2023;любой
Казань;Ярославская обл., Рыбинск;24.04.2023;боковой
Казань;Ярославская обл., Рыбинск;24.04.2023;боковой
Ярославль г.;Ярославская обл., Рыбинск;24.04.2023;задний
Ивановская обл, деревня Большое Ступкино;Ярославская обл., Рыбинск;24.04.2023;любой
Ивановская обл, пос. Лежнево;Тульская обл, г Ясногорск;24.04.2023;любой
Московская обл, Протвино;Тульская обл, г Ясногорск;24.04.2023;любой
Ярославль;Ярославская обл., Рыбинск;24.04.2023;любой
Чеховский р-н, Константиновское;Тульская обл, г Ясногорск;24.04.2023;любой
Чеховский р-н, Константиновское;Тульская обл, г Ясногорск;24.04.2023;любой
Ивановская обл., д. Гоголево;Тульская обл, г Ясногорск;24.04.2023;любой
Московская обл, г Серпухов;Тульская обл, г Ясногорск;24.04.2023;любой
Казань;Ярославская обл., Рыбинск;24.04.2023;задний
Казань;Ярославская обл., Рыбинск;24.04.2023;боковой
Ивановская обл., с. Шилыково;Тульская обл, г Ясногорск;24.04.2023;любой
г Иваново;Ярославская обл., Рыбинск;24.04.2023;любой
Ярославская обл., Рыбинск;республика Татарстан, г. Зеленодольск;24.04.2023;любой
Иваново;Ярославская обл., Рыбинск;24.04.2023;задний
Ярославская обл., Рыбинск;г Иваново;24.04.2023;любой
г Иваново;Тульская обл, г Ясногорск;24.04.2023;любой
г Иваново;Ярославская обл., Рыбинск;24.04.2023;любой
Иваново;Ярославская обл., Рыбинск;24.04.2023;любой
Волгоград;Ярославская обл., Рыбинск;24.04.2023;любой
Краснодарский край, Новороссийск;Краснодарский край, Кропоткин г;24.04.2023;любой
Краснодарский край, Новороссийск;Пятигорск;25.04.2023;любой
Краснодарский край, Новороссийск;Краснодарский край, Кропоткин г;25.04.2023;любой
Ярославская обл., Рыбинск;Калужская обл, г Суворов;25.04.2023;любой
Иваново;Ярославская обл., Рыбинск;25.04.2023;любой
г Иваново;Ярославская обл., Рыбинск;25.04.2023;любой
г Иваново;Ярославская обл., Рыбинск;25.04.2023;задний
Ярославская обл., Рыбинск;Тульская обл, г Ясногорск;25.04.2023;любой
Ярославская обл., Рыбинск;Тульская обл, г Ясногорск;25.04.2023;любой
Ярославская обл., Рыбинск;Тульская обл, г Ясногорск;25.04.2023;любой
Иваново;Ярославская обл., Рыбинск;25.04.2023;задний
Казань;Ярославская обл., Рыбинск;25.04.2023;задний
Тульская обл, г Ясногорск;Калужская обл, г Кондрово;27.04.2023;любой
Ивановская обл., село Богородское;Тульская обл, г Ясногорск;25.04.2023;любой
Ивановская обл., село Богородское;Ярославская обл., Рыбинск;25.04.2023;задний
г Иваново;Ярославская обл., Рыбинск;25.04.2023;любой
г Иваново;Ярославская обл., Рыбинск;25.04.2023;любой
Иваново;Ярославская обл., Рыбинск;25.04.2023;задний
Ярославская обл., Рыбинск;Тульская обл, г Ясногорск;26.04.2023;любой
Ярославская обл., Рыбинск;Тульская обл, г Ясногорск;26.04.2023;любой
Ярославская обл., Рыбинск;Тульская обл, г Ясногорск;26.04.2023;любой
Ярославская обл., Рыбинск;Тульская обл, г Ясногорск;26.04.2023;любой
Казань;Ярославская обл., Рыбинск;25.04.2023;боковой
г Иваново;Тульская обл, г Ясногорск;25.04.2023;любой
г Иваново;Тульская обл, г Ясногорск;25.04.2023;любой
Тульская обл, г Ясногорск;республика Татарстан, г. Зеленодольск;25.04.2023;любой
Краснодарский край, Новороссийск;Пятигорск;26.04.2023;любой
Краснодарский край, Новороссийск;Краснодарский край, Кропоткин г;25.04.2023;любой
Чебоксары;Ярославская обл., Рыбинск;25.04.2023;боковой
г Казань;Ярославская обл., Рыбинск;25.04.2023;боковой
Ярославская обл., Рыбинск;г. Кострома;25.04.2023;любой
Ярославская обл., Рыбинск;Тульская обл, г Ясногорск;26.04.2023;любой
Ярославская обл., Рыбинск;Тульская обл, г Ясногорск;26.04.2023;любой
Ярославская обл., Рыбинск;Тульская обл, г Ясногорск;26.04.2023;любой
Казань;Ярославская обл., Рыбинск;25.04.2023;задний
г Иваново;Тульская обл, г Ясногорск;25.04.2023;любой
г Иваново;Тульская обл, г Ясногорск;25.04.2023;любой
г Иваново;Тульская обл, г Ясногорск;25.04.2023;любой
Ивановская обл., село Богородское;Тульская обл, г Ясногорск;25.04.2023;любой
Ивановская обл, пос. Лежнево;Тульская обл, г Ясногорск;24.04.2023;любой
Ивановская обл, посёлок Лежнево;Тульская обл, г Ясногорск;25.04.2023;любой
Ярославская обл., Рыбинск;Республика Татарстан, Зеленодольский район, село Осиново;27.04.2023;любой
Ивановская обл., Палехский р-н, село Майдаково;Тульская обл, г Ясногорск;25.04.2023;любой
г Иваново;Тульская обл, г Ясногорск;25.04.2023;любой
г Иваново;Тульская обл, г Ясногорск;25.04.2023;любой
г Иваново;Тульская обл, г Ясногорск;25.04.2023;любой
Ярославская обл., Гаврилов-Ям;Тульская обл, г Ясногорск;25.04.2023;любой
г Иваново;Тульская обл, г Ясногорск;25.04.2023;любой
г Иваново;Тульская обл, г Ясногорск;25.04.2023;любой
г Иваново;Тульская обл, г Ясногорск;25.04.2023;любой
г Иваново;Тульская обл, г Ясногорск;25.04.2023;любой
Ивановская обл, Приволжск;Тульская обл, г Ясногорск;25.04.2023;любой
Ярославская обл., Рыбинск;Краснодарский край, Новороссийск;27.04.2023;любой
Ярославская обл., Рыбинск;Тульская обл, г Ясногорск;27.04.2023;любой
Ярославская обл., Рыбинск;Тульская обл, г Ясногорск;27.04.2023;любой
Ярославская обл., Рыбинск;Тульская обл, г Ясногорск;27.04.2023;любой
Ярославская обл., Рыбинск;Тульская обл, г Ясногорск;27.04.2023;любой
Ярославская обл., Рыбинск;Тульская обл, г Ясногорск;27.04.2023;любой
Ярославская обл., Рыбинск;Нижегородская обл, г Богородск;27.04.2023;любой
Ярославская обл., Рыбинск;Владимирская обл., г Радужный;27.04.2023;любой
Ярославская обл., Рыбинск;Чебоксары;27.04.2023;любой
Ярославская обл., Рыбинск;Чебоксары;27.04.2023;любой
Ярославская обл., Рыбинск;Республика Татарстан, Зеленодольский район, село Осиново;27.04.2023;любой
Ярославская обл., Рыбинск;Чебоксары;27.04.2023;любой
Ярославская обл., Рыбинск;Тульская обл, г Ясногорск;26.04.2023;любой
Ярославская обл., Рыбинск;Краснодарский край, Новороссийск;27.04.2023;любой
Ярославская обл., Рыбинск;Тульская обл, г Ясногорск;26.04.2023;любой
Ярославская обл., Рыбинск;республика Татарстан, г. Зеленодольск;27.04.2023;любой
Краснодарский край, Новороссийск;Пятигорск;27.04.2023;любой
г Иваново;Ярославская обл., Рыбинск;26.04.2023;задний
Краснодарский край, Новороссийск;Краснодарский край, Кропоткин г;27.04.2023;любой
Краснодарский край, Новороссийск;Краснодарский край, Кропоткин г;27.04.2023;любой
Ярославская обл., Рыбинск;Республика Татарстан, Зеленодольский район, село Осиново;28.04.2023;любой
Ярославская обл., Рыбинск;Республика Татарстан, Зеленодольский район, село Осиново;28.04.2023;любой
Ярославская обл., Рыбинск;Тульская обл, г Ясногорск;28.04.2023;любой
Ярославская обл., Рыбинск;Тульская обл, г Ясногорск;28.04.2023;любой
Ярославская обл., Рыбинск;Тульская обл, г Ясногорск;28.04.2023;любой
Тульская обл, г Суворов;Тульская обл, г Ясногорск;28.04.2023;любой
Тульская обл, г Ясногорск;Калужская обл, г Кондрово;28.04.2023;любой
Ивановская обл.,Тейковский район, д Большое Ступкино;Тульская обл, г Ясногорск;28.04.2023;любой
г Иваново;Ярославская обл., Рыбинск;28.04.2023;любой
Ярославская обл., Гаврилов-Ям;Ярославская обл., Рыбинск;28.04.2023;любой
Казань;Ярославская обл., Рыбинск;28.04.2023;задний
Ярославская обл., Рыбинск;Владимирская обл., г Радужный;28.04.2023;любой
Иваново;Ярославская обл., Рыбинск;28.04.2023;задний
г Иваново;Ярославская обл., Рыбинск;28.04.2023;любой
Ивановская обл., село Богородское;Ярославская обл., Рыбинск;28.04.2023;задний
Казань;Ярославская обл., Рыбинск;28.04.2023;боковой
Казань;Ярославская обл., Рыбинск;28.04.2023;задний
Казань;Ярославская обл., Рыбинск;28.04.2023;боковой
Ярославская обл., Рыбинск;г Иваново;28.04.2023;любой
Казань;Ярославская обл., Рыбинск;28.04.2023;задний
г Казань;Ярославская обл., Рыбинск;28.04.2023;боковой
Казань г.;Ярославская обл., Рыбинск;28.04.2023;задний
Ярославская обл., Рыбинск;Чебоксары;28.04.2023;любой
Ярославская обл., Рыбинск;Ивановская обл, п. Палех;28.04.2023;любой
Иваново;Ярославская обл., Рыбинск;28.04.2023;любой
Иваново;Ярославская обл., Рыбинск;28.04.2023;любой
г Иваново;Тульская обл, г Ясногорск;28.04.2023;любой
Московская обл, г Серпухов;Тульская обл, г Ясногорск;28.04.2023;любой
Ивановская обл, пос. Лежнево;Тульская обл, г Ясногорск;28.04.2023;любой
Краснодарский край, Новороссийск;Пятигорск;29.04.2023;любой
г Иваново;Тульская обл, г Ясногорск;28.04.2023;любой
Московская обл, г Серпухов;Тульская обл, г Ясногорск;28.04.2023;любой
г Иваново;Тульская обл, г Ясногорск;28.04.2023;любой
г Иваново;Тульская обл, г Ясногорск;28.04.2023;любой
г Иваново;Тульская обл, г Ясногорск;28.04.2023;любой
г Иваново;Тульская обл, г Ясногорск;28.04.2023;любой
г Иваново;Тульская обл, г Ясногорск;28.04.2023;любой
Ивановская обл, посёлок Палех;Тульская обл, г Ясногорск;28.04.2023;любой
Ивановская обл., д. Лесное;Тульская обл, г Ясногорск;28.04.2023;любой
Ивановская обл, Приволжск;Тульская обл, г Ясногорск;28.04.2023;любой
Ярославская обл., Рыбинск;Чебоксары;28.04.2023;любой
Ярославская обл., Рыбинск;г Иваново;28.04.2023;любой
г Иваново;Ярославская обл., Рыбинск;28.04.2023;задний
Ярославская обл., Рыбинск;Чебоксары;28.04.2023;любой
Ярославская обл., Рыбинск;Чебоксары;28.04.2023;любой
Респ Адыгея, Адыгейск;Краснодарский край, Новороссийск;28.04.2023;любой
РФ, Краснодарский край, Краснодар г;Краснодарский край, Новороссийск;28.04.2023;любой
РФ, Краснодарский край, Краснодар г;Краснодарский край, Новороссийск;28.04.2023;любой
г Иваново;Тульская обл, г Ясногорск;28.04.2023;любой
РФ, Краснодарский край, Краснодар г;Краснодарский край, Новороссийск;28.04.2023;любой
Ярославская обл., Рыбинск;Республика Татарстан, Зеленодольский район, село Осиново;29.04.2023;любой
Ярославская обл., Рыбинск;Тульская обл, г Ясногорск;29.04.2023;любой
Ярославская обл., Рыбинск;Тульская обл, г Ясногорск;29.04.2023;любой
Калужская обл, г Малоярославец;Тульская обл, г Ясногорск;29.04.2023;любой
Тульская обл, г Ясногорск;г Ярославль;29.04.2023;любой
Ярославская обл., Рыбинск;г Иваново;29.04.2023;любой
Ярославская обл., Рыбинск;г Иваново;29.04.2023;любой
Тульская обл, г Богородицк;Тульская обл, г Ясногорск;29.04.2023;любой
Калужская область, г. Обнинск;Тульская обл, г Ясногорск;29.04.2023;любой
Иваново;Ярославская обл., Рыбинск;29.04.2023;задний
Волгоград;Ярославская обл., Рыбинск;29.04.2023;любой
Фурманов;Ярославская обл., Рыбинск;29.04.2023;боковой
Иваново;Ярославская обл., Рыбинск;29.04.2023;любой
Ярославская обл., Рыбинск;Чебоксары;29.04.2023;любой
Ярославская обл., г Ростов;Тульская обл, г Ясногорск;29.04.2023;любой
г Иваново;Тульская обл, г Ясногорск;29.04.2023;любой
Ивановская обл., г Шуя;Тульская обл, г Ясногорск;29.04.2023;любой
Ивановская обл, г Фурманов;Тульская обл, г Ясногорск;29.04.2023;любой
Тульская обл, г Ясногорск;г Ярославль;29.04.2023;любой
г Иваново;Тульская обл, г Ясногорск;29.04.2023;любой
г Иваново;Ярославская обл., Рыбинск;29.04.2023;любой
Иваново;Ярославская обл., Рыбинск;29.04.2023;задний
Краснодарский край, Новороссийск;Краснодарский край, Кропоткин г;29.04.2023;любой
Ярославская обл., Рыбинск;г Чебоксары;29.04.2023;любой
Ярославская обл., Рыбинск;Владимирская обл, г Ковров;29.04.2023;любой
Казань;Ярославская обл., Рыбинск;29.04.2023;задний
Ивановская обл, пос. Лежнево;Тульская обл, г Ясногорск;29.04.2023;любой
Ивановская обл, пос. Лежнево;Тульская обл, г Ясногорск;29.04.2023;любой
г Иваново;Тульская обл, г Ясногорск;29.04.2023;любой
Ивановская область, г. Шуя;Тульская обл, г Ясногорск;29.04.2023;любой
г Иваново;Ярославская обл., Рыбинск;29.04.2023;задний
г Иваново;Тульская обл, г Ясногорск;29.04.2023;любой
Ивановская обл., село Богородское;Тульская обл, г Ясногорск;29.04.2023;любой
г Иваново;Тульская обл, г Ясногорск;29.04.2023;любой
Тульская обл, г Ясногорск;г Ярославль;29.04.2023;любой
Ивановская область, г. Кохма;Тульская обл, г Ясногорск;29.04.2023;любой
Ивановская обл., село Богородское;Ярославская обл., Рыбинск;29.04.2023;задний
г Иваново;Ярославская обл., Рыбинск;29.04.2023;задний
Чеховский р-н, Константиновское;Тульская обл, г Ясногорск;29.04.2023;любой
г Казань;Ярославская обл., Рыбинск;29.04.2023;боковой
Краснодарский край, Новороссийск;Краснодарский край, Кропоткин г;29.04.2023;любой
г Иваново;Ярославская обл., Рыбинск;29.04.2023;задний
Ярославская обл., Рыбинск;Тульская обл, г Ясногорск;29.04.2023;любой
Ярославская обл., Рыбинск;Чебоксары;30.04.2023;любой
Ярославская обл., Рыбинск;Чебоксары;30.04.2023;любой
Ярославская обл., Рыбинск;Владимирская обл, г Ковров;30.04.2023;любой
Ярославская обл., Рыбинск;Чебоксары;30.04.2023;любой
Ярославская обл., Рыбинск;республика Татарстан, г. Зеленодольск;30.04.2023;любой
Ярославская обл., Рыбинск;республика Татарстан, г. Зеленодольск;30.04.2023;любой
Ярославская обл., Рыбинск;республика Татарстан, г. Зеленодольск;30.04.2023;любой
Тульская обл, г Ясногорск;Ярославская обл, г Ярославль;30.04.2023;любой
г Иваново;Тульская обл, г Ясногорск;30.04.2023;любой
г. Ярославль;Тульская обл, г Ясногорск;30.04.2023;любой
Тульская обл, г Ясногорск;г Ярославль;30.04.2023;любой
Ярославская обл., Рыбинск;г Иваново;30.04.2023;любой
г Иваново;Тульская обл, г Ясногорск;30.04.2023;любой
Ивановская обл., с. Шилыково;Тульская обл, г Ясногорск;30.04.2023;любой
г Иваново;Ярославская обл., Рыбинск;30.04.2023;задний
Ивановская обл., село Богородское;Тульская обл, г Ясногорск;30.04.2023;любой
Ивановская обл, пос. Лежнево;Тульская обл, г Ясногорск;30.04.2023;любой
Московская обл, г Чехов;Тульская обл, г Ясногорск;30.04.2023;любой
Чеховский р-н, Константиновское;Тульская обл, г Ясногорск;30.04.2023;любой
Ярославская обл., Гаврилов-Ям;Тульская обл, г Ясногорск;30.04.2023;любой
Ярославская обл., г. Ростов;Тульская обл, г Ясногорск;30.04.2023;любой
г Калуга;Тульская обл, г Ясногорск;30.04.2023;любой
Тульская обл, г Ясногорск;г Ярославль;30.04.2023;любой
г Иваново;Тульская обл, г Ясногорск;30.04.2023;любой
Тульская обл, г Ясногорск;г Ярославль;30.04.2023;любой
Чеховский р-н, Константиновское;Тульская обл, г Ясногорск;30.04.2023;любой
Ивановская обл., село Богородское;Тульская обл, г Ясногорск;30.04.2023;любой
Ивановская обл., село Богородское;Тульская обл, г Ясногорск;30.04.2023;любой
Ивановская обл, пос. Лежнево;Тульская обл, г Ясногорск;30.04.2023;любой
г Иваново;Тульская обл, г Ясногорск;30.04.2023;любой
г Иваново;Тульская обл, г Ясногорск;30.04.2023;любой
Казань;Ярославская обл., Рыбинск;30.04.2023;задний
Казань;Ярославская обл., Рыбинск;30.04.2023;задний
Казань;Ярославская обл., Рыбинск;30.04.2023;задний
Казань г.;Ярославская обл., Рыбинск;30.04.2023;задний
Казань;Ярославская обл., Рыбинск;30.04.2023;задний
Иваново;Ярославская обл., Рыбинск;30.04.2023;любой
Иваново;Ярославская обл., Рыбинск;30.04.2023;задний
г Иваново;Ярославская обл., Рыбинск;30.04.2023;любой
г Иваново;Ярославская обл., Рыбинск;30.04.2023;любой
Ярославская обл., Рыбинск;г Иваново;30.04.2023;любой
Ярославская обл., Рыбинск;г Иваново;30.04.2023;любой
г Иваново;Ярославская обл., Рыбинск;30.04.2023;задний
г Иваново;Ярославская обл., Рыбинск;30.04.2023;задний
Ярославская обл., Рыбинск;Приволжск;30.04.2023;любой
